Keyword,Category,Priority,Search Volume,Competition,Intent,Target Page
final year project with source code,Student,P0,Very High,Medium,Transactional,/build
AI code generator,Developer,P0,Very High,High,Informational,/
project generator for students,Student,P0,High,Medium,Transactional,/build
Bolt.new alternative India,Competitor,P0,High,Low,Transactional,/
automatic code generation,Developer,P0,High,High,Informational,/build
BTech project ideas with source code,Student,P0,High,Medium,Transactional,/build
React app generator AI,Developer,P1,High,Medium,Transactional,/build
full stack project generator,Developer,P1,High,Medium,Transactional,/build
code from description AI,Developer,P0,High,Medium,Transactional,/build
final year project documentation,Student,P0,High,Low,Transactional,/build
Next.js project generator,Developer,P1,Medium-High,Medium,Transactional,/build
MCA project with source code,Student,P1,Medium-High,Low,Transactional,/build
AI app builder,Developer,P1,High,High,Informational,/
project report generator,Student,P1,High,Low,Transactional,/build
Flutter app generator,Mobile,P1,Medium-High,Medium,Transactional,/build
Python project generator,Developer,P1,Medium-High,Medium,Transactional,/build
web app builder AI,Developer,P1,High,High,Transactional,/build
IEEE format report generator,Student,P1,Medium,Low,Transactional,/paper
MVP builder for startups,Startup,P2,Medium,Medium,Transactional,/build
automatic PPT generator,Student,P1,Medium-High,Low,Transactional,/build
viva questions generator,Student,P1,Medium,Low,Transactional,/build
Node.js backend generator,Developer,P1,Medium,Medium,Transactional,/build
college project generator,Student,P1,Medium-High,Low,Transactional,/build
SRS document generator,Student,P1,Medium,Low,Transactional,/build
build app without coding,Startup,P2,High,High,Informational,/
machine learning project source code,Student,P1,Medium-High,Medium,Transactional,/build
Django project generator,Developer,P2,Medium,Medium,Transactional,/build
AI coding tool India,Location,P1,Medium-High,Low,Informational,/
GitHub Copilot alternative,Competitor,P1,High,Medium,Transactional,/
database schema generator,Developer,P2,Medium,Medium,Transactional,/build
API generator AI,Developer,P2,Medium,Medium,Transactional,/build
engineering project report,Student,P1,Medium-High,Low,Transactional,/build
automatic documentation generator,Developer,P2,Medium,Medium,Transactional,/build
mobile app generator,Mobile,P2,Medium-High,High,Transactional,/build
startup MVP generator,Startup,P2,Medium,Medium,Transactional,/build
campus placement platform,Institution,P3,Medium,Low,Informational,/campus-drive
code documentation AI,Developer,P2,Medium,Medium,Transactional,/build
FastAPI project generator,Developer,P2,Medium,Low,Transactional,/build
text to code generator,Developer,P1,High,Medium,Transactional,/build
production ready code AI,Developer,P2,Medium,Low,Transactional,/build
v0.dev alternative,Competitor,P1,Medium-High,Low,Transactional,/
BCA project ideas,Student,P2,Medium,Low,Transactional,/build
live code preview,Feature,P2,Low-Medium,Low,Informational,/build
error auto fixing AI,Feature,P2,Low,Low,Informational,/build
Made in India code generator,Location,P2,Low-Medium,Low,Transactional,/
no code app builder,Startup,P2,High,High,Informational,/
rapid prototyping tool,Startup,P2,Medium,Medium,Transactional,/build
student project dashboard,Student,P3,Low,Low,Navigational,/dashboard
tech hiring platform,Institution,P3,Medium,High,Informational,/campus-drive
AI development platform,Developer,P2,Medium,High,Informational,/
CSE final year project,Student,P0,High,Medium,Transactional,/build
automatic project maker,Student,P1,Medium,Low,Transactional,/build
AI project for college students,Student,P1,Medium-High,Low,Transactional,/build
research paper generator,Student,P2,Medium,Low,Transactional,/paper
literature review generator AI,Student,P2,Medium,Low,Transactional,/paper
ER diagram generator,Developer,P2,Medium,Medium,Transactional,/build
UML diagram generator,Developer,P2,Medium,Medium,Transactional,/build
Vue.js project generator,Developer,P2,Medium,Medium,Transactional,/build
Angular code generator,Developer,P2,Medium,Medium,Transactional,/build
Express API generator,Developer,P2,Medium,Low,Transactional,/build
Flask app generator,Developer,P2,Medium,Low,Transactional,/build
React Native generator,Mobile,P2,Medium,Medium,Transactional,/build
Android app builder AI,Mobile,P2,Medium-High,High,Transactional,/build
iOS app generator,Mobile,P2,Medium,High,Transactional,/build
APK generator online,Mobile,P2,Medium,Medium,Transactional,/build
build mobile app without coding,Mobile,P2,High,High,Informational,/build
Expo project generator,Mobile,P3,Low-Medium,Low,Transactional,/build
PostgreSQL schema generator,Developer,P3,Low-Medium,Low,Transactional,/build
MongoDB code generator,Developer,P3,Low-Medium,Low,Transactional,/build
Firebase project generator,Developer,P3,Low-Medium,Medium,Transactional,/build
Docker compose generator,DevOps,P3,Low-Medium,Low,Transactional,/build
AWS deployment generator,DevOps,P3,Low-Medium,Medium,Transactional,/build
CI CD pipeline generator,DevOps,P3,Low-Medium,Medium,Transactional,/build
Cursor AI alternative,Competitor,P2,Medium,Low,Transactional,/
Replit alternative,Competitor,P2,Medium,Low,Transactional,/
ChatGPT for coding alternative,Competitor,P2,Medium-High,Medium,Transactional,/
Lovable alternative,Competitor,P2,Low-Medium,Low,Transactional,/
best AI code generator 2024,Competitor,P1,High,High,Informational,/
top AI coding tools India,Location,P1,Medium,Low,Informational,/
VTU project generator,Regional,P2,Medium,Low,Transactional,/build
Anna University project,Regional,P2,Medium,Low,Transactional,/build
AKTU final year project,Regional,P2,Medium,Low,Transactional,/build
JNTU project ideas,Regional,P2,Low-Medium,Low,Transactional,/build
how to complete final year project fast,Problem,P1,Medium,Low,Informational,/build
generate project report automatically,Problem,P1,Medium,Low,Transactional,/build
build app without coding knowledge,Problem,P1,High,Medium,Informational,/
complete engineering project quickly,Problem,P2,Medium,Low,Transactional,/build
fix code errors automatically,Problem,P2,Low-Medium,Low,Informational,/build
learn coding with AI,Problem,P2,Medium,Medium,Informational,/learn
can AI complete my project,Problem,P2,Low-Medium,Low,Informational,/
best tool for final year project,Problem,P1,Medium,Low,Transactional,/build
31 AI agents for coding,Feature,P3,Low,Low,Informational,/
automatic viva preparation,Feature,P2,Low-Medium,Low,Transactional,/build
project report 60 pages,Feature,P3,Low,Low,Transactional,/build
multi framework support,Feature,P3,Low,Low,Informational,/build
campus drive management software,Institution,P3,Low-Medium,Low,Transactional,/campus-drive
student project tracking system,Institution,P3,Low,Low,Informational,/dashboard
college placement test platform,Institution,P3,Low-Medium,Low,Transactional,/campus-drive
faculty project monitoring,Institution,P3,Low,Low,Informational,/admin
API documentation generator,Developer,P2,Medium,Medium,Transactional,/build
README generator AI,Developer,P3,Low-Medium,Low,Transactional,/build
code comments generator,Developer,P3,Low,Low,Transactional,/build
Swagger documentation generator,Developer,P3,Low-Medium,Low,Transactional,/build
